YouMind案例ID,标题,公开原帖链接,最终下载报错,原视频链接
9837,Handheld POV Nighttime Taxi Video,https://x.com/heyyorone/status/2092386861826404597,HTTP Error 404: Not Found,https://video.twimg.com/amplify_video/2092381960060760064/vid/avc1/720x1280/IrIaQGLP1n_TQ8hD.mp4?tag=14
8153,Gym Workout DV POV Recording,https://x.com/PixelAigc/status/2082767404061642791,HTTP Error 404: Not Found,https://video.twimg.com/amplify_video/2082767144501280768/vid/avc1/1256x720/BaUs6KV7e1vlIqAR.mp4?tag=29
10584,高山冬日 Vlog 剪辑,https://x.com/eshal__ai/status/2097564912851759244,HTTP Error 403: Forbidden,https://video.twimg.com/amplify_video/2097564485687078912/vid/avc1/1280x720/ieanrRBq03HTGflN.mp4?tag=29
10404,Cinematic Street Fashion Yellow Dress,https://x.com/imagvio_trends/status/2096370558560788591,HTTP Error 403: Forbidden,https://video.twimg.com/amplify_video/2096370505649717248/vid/avc1/1080x608/MYIuF5NYH1p5_W6n.mp4?tag=29
10400,2000s Retro Cat Sitcom,https://x.com/ShanBuildsAI/status/2096371426790125642,HTTP Error 403: Forbidden,https://video.twimg.com/amplify_video/2096371356690755584/vid/avc1/1112x834/uAERUcf6LQw39ULV.mp4?tag=29
8636,Outcome-Focused Product Commercial Workflow,https://x.com/ShanBuildsAI/status/2085412494642958683,HTTP Error 403: Forbidden,https://video.twimg.com/amplify_video/2085412440708423680/vid/avc1/720x1136/m7OQ9q6DaZPxIWlc.mp4?tag=29
8635,Luxury Smartwatch Product Commercial,https://x.com/ShanBuildsAI/status/2085401238716527068,HTTP Error 403: Forbidden,https://video.twimg.com/amplify_video/2085401202150584320/vid/avc1/1280x720/1Ey0CxfUHgflUovF.mp4?tag=29
8630,Superhero Cat Futuristic City,https://x.com/imagvio_trends/status/2085352389973082321,HTTP Error 403: Forbidden,https://video.twimg.com/amplify_video/2085352370603773952/vid/avc1/710x1278/cNR6LjqxfNEyZLiq.mp4?tag=29
8563,Cinematic Camera Movement Keywords,https://x.com/imagvio_video/status/2084952082902294812,HTTP Error 403: Forbidden,https://video.twimg.com/amplify_video/2084952063486861312/vid/avc1/540x840/2MtqIjPyHc_F7Ehe.mp4?tag=29
8503,Travel Diary Montage of Kyoto and Tokyo,https://x.com/reapi_ai/status/2084537882870735243,HTTP Error 403: Forbidden,https://video.twimg.com/amplify_video/2084537829884141568/vid/avc1/864x496/TyXmIWWKVN8-Mb0i.mp4?tag=29
8301,Cinematic Jet Ski Water Skiing Video,https://x.com/PixelAigc/status/2083502217227894833,HTTP Error 404: Not Found,https://video.twimg.com/amplify_video/2083501931960610816/vid/avc1/1256x720/CZ2Srpvv8cGYo56A.mp4?tag=29
7780,Futuristic Crystalline AI Creature Interaction,https://x.com/Lily_collins3/status/2080157968813699446,HTTP Error 403: Forbidden,https://video.twimg.com/amplify_video/2080157936224202752/vid/avc1/1280x720/SDn7CYABTtwY_aV_.mp4?tag=29
7720,Lost Map Courier Mountain Bike Adventure,https://x.com/lucas_yuoo/status/2079829843815076058,HTTP Error 403: Forbidden,https://video.twimg.com/amplify_video/2079828251061698560/vid/avc1/1280x720/uH0EAz9hgGfMc_1Z.mp4?tag=29
7489,Medieval Warrior Last Stand Cinematic Video,https://x.com/lucas_yuoo/status/2078431400169185745,HTTP Error 403: Forbidden,https://video.twimg.com/amplify_video/2078430846147858432/vid/avc1/1280x720/twqyrAfEz-cISRPc.mp4?tag=29
7341,Fantasy Dragon Chase Sequence,https://x.com/Ececec01/status/2077717383020511501,HTTP Error 404: Not Found,https://video.twimg.com/amplify_video/2077672227714252800/vid/avc1/1920x1080/PbYzCl0OC3MThjdE.mp4?tag=29
7299,Talking Munchkin Cat,https://x.com/__blackpig/status/2077409707279687929,HTTP Error 404: Not Found,https://video.twimg.com/amplify_video/2077403816849551363/vid/avc1/1080x1440/syM1mO3rRLbs0kwG.mp4?tag=28
7279,Dark Fantasy Frozen Bridge,https://x.com/lucas_yuoo/status/2077401456311726295,HTTP Error 403: Forbidden,https://video.twimg.com/amplify_video/2077400354325667840/vid/avc1/1280x720/uiGt2f5KM6dVF65D.mp4?tag=28
7110,Fearless Warrior Cursed Forest Chase,https://x.com/ThissSophie/status/2075497351423386108,HTTP Error 403: Forbidden,https://video.twimg.com/amplify_video/2075496508640972800/vid/avc1/1920x1080/fZn_BjsnNwhXLxa6.mp4?tag=28
7098,The Street Barber Emotional Story,https://x.com/lucas_yuoo/status/2075952693248663671,HTTP Error 403: Forbidden,https://video.twimg.com/amplify_video/2075951571708608512/vid/avc1/1280x720/hyG3sB_7XNUCfCgx.mp4?tag=28
6267,Origami Football Match Narrative,https://x.com/AIwithJessica/status/2068134755301052732,HTTP Error 403: Forbidden,https://video.twimg.com/amplify_video/2068080596153483265/vid/avc1/1920x1080/N0Qwmku9zO3qYUAK.mp4?tag=28
6038,Cinematic Football Vlog Influencer Video,https://x.com/AIwithJessica/status/2066040197486424315,HTTP Error 403: Forbidden,https://video.twimg.com/amplify_video/2066040088170209280/vid/avc1/1920x2160/aDXjsUkzKx3IvD7x.mp4?tag=27
5748,Nike Mercurial Commercial with Reference,https://x.com/AIwithJessica/status/2063087473522258178,HTTP Error 403: Forbidden,https://video.twimg.com/amplify_video/2062985526026940416/vid/avc1/1080x1350/aAc0o4uzQauAjMZv.mp4?tag=27
5523,Mystery Horror Scene Transition,https://x.com/UDAIseries/status/2061110790510248150,HTTP Error 403: Forbidden,"https://video.twimg.com/amplify_video/2061109966568624128/vid/avc1/1280x720/asKot3Sc3v2f5bxI.mp4?tag=27
https://video.twimg.com/amplify_video/2061109966400876546/vid/avc1/1924x1076/WFrWmBZ64vdYCV_u.mp4?tag=27"
5492,Eiffel Tower Gemstone Embellishment,https://x.com/ThissSophie/status/2060667591333744769,HTTP Error 403: Forbidden,https://video.twimg.com/ext_tw_video/2060667321090539520/pu/vid/avc1/1280x720/4q1eNZhSaAw1M6tV.mp4?tag=25
5371,Titanic Cinematic Sequence,https://x.com/akkiwani703/status/2060015015525294374,HTTP Error 404: Not Found,https://video.twimg.com/ext_tw_video/2060014975561891840/pu/vid/avc1/1280x720/Rr9SOx3pUDna7yKO.mp4?tag=25
5345,Prehistoric Titan Dinosaur Battle,https://x.com/akkiwani703/status/2059590770987069684,HTTP Error 404: Not Found,https://video.twimg.com/ext_tw_video/2059590711331409920/pu/vid/avc1/1920x1080/WvSqF-cSAfEUe57b.mp4?tag=25
5114,3D Chibi Penguin Girl Butterfly Chase,https://x.com/ElaraNoorAl8/status/2057429577216270613,HTTP Error 404: Not Found,https://video.twimg.com/ext_tw_video/2057429552419483648/pu/vid/avc1/848x478/x2ALKccCoTIjpdHm.mp4?tag=25
4870,Ancient Fantasy War Cinematic Battle,https://x.com/ElaraNoorAl8/status/2055550441090650611,HTTP Error 404: Not Found,https://video.twimg.com/ext_tw_video/2055550409956294657/pu/vid/avc1/478x850/YrIxhnS4wBXNuUmU.mp4?tag=25
4500,Quiet Forest Traveler,https://x.com/HeyRu0by/status/2053057650838085847,HTTP Error 404: Not Found,https://video.twimg.com/ext_tw_video/2053057599898103808/pu/vid/avc1/1280x720/xyZMeVWws5Nui4Fw.mp4?tag=12
4002,UGC Coffee Brand Advertisement,https://x.com/akkiwani703/status/2050173584715461020,HTTP Error 404: Not Found,https://video.twimg.com/ext_tw_video/2050173556458430465/pu/vid/avc1/848x636/bWpBMGXwkZ-j4OKy.mp4?tag=25
3981,Cinematic Luxury Jewelry Commercial,https://x.com/siainfo9/status/2050086225239794095,HTTP Error 403: Forbidden,https://video.twimg.com/ext_tw_video/2050086161742184448/pu/vid/avc1/720x1280/IYcTvPE_zpHXw6a1.mp4?tag=25
3385,Animated Penguin Winter Slide,https://x.com/kaan_alper/status/2045861178740539875,HTTP Error 403: Forbidden,https://video.twimg.com/amplify_video/2045860009586688000/vid/avc1/1920x1080/oi0k-Ayo0g0pJ-Sn.mp4?tag=21
3181,Five Senses Perfume Brand Transformation,https://x.com/Cosmoslucy13/status/2043260367753912734,HTTP Error 404: Not Found,https://video.twimg.com/amplify_video/2043259604726079488/vid/avc1/1440x2560/CXrVyNpPrViPQT8c.mp4?tag=21
2998,Girl and Cat Transformation Video Prompt (Seedance 2.0),https://x.com/Cosmoslucy13/status/2041908111381082463,HTTP Error 404: Not Found,https://video.twimg.com/amplify_video/2041906786408787968/vid/avc1/1668x2224/Clgn2KIjdNHBtjEr.mp4?tag=21
2994,Cinematic Bathroom Scene: Woman Reclining in Bathtub (Part 1),https://x.com/mmendie__/status/2041948351558537608,HTTP Error 404: Not Found,https://video.twimg.com/amplify_video/2041948031449190400/vid/avc1/724x720/T7PjMWSDTMDUzNV1.mp4?tag=21
2931,Horror Animation Scene Breakdown,https://x.com/TomaAIbijo/status/2041409867345526922,HTTP Error 404: Not Found,https://video.twimg.com/amplify_video/2041403542695763969/vid/avc1/1080x1920/qfsoyp6onWT_Fi4U.mp4?tag=21
2725,Realistic to Anime Transition,https://x.com/OtakuMachine/status/2040903748885618717,HTTP Error 403: Forbidden,https://video.twimg.com/amplify_video/2040903672193040384/vid/avc1/1254x720/jcnnWJDBijtxJFEh.mp4?tag=21
2334,Spanish dialogue prompt for video generation,https://x.com/xtheprototype/status/2037919374485463291,HTTP Error 404: Not Found,https://video.twimg.com/tweet_video/HEgi5GvWgAE4f9f.mp4
2326,AI Wedding Video Prompt: Minimalist Forest Style with Light Effects,https://x.com/Cosmoslucy13/status/2038159292566798539,HTTP Error 404: Not Found,https://video.twimg.com/amplify_video/2038159167396139009/vid/avc1/1280x720/5yLsJVMm82MvYZqo.mp4?tag=21
2310,Artist Studio Cinematic Video,https://x.com/kaan_alper/status/2038178205211783344,HTTP Error 403: Forbidden,https://video.twimg.com/amplify_video/2038177078022205441/vid/avc1/1920x1080/bfZixU7ftajLemN_.mp4?tag=21
2221,Seedance 2.0 AI Wedding Video Prompt: Cinematic Night Scene,https://x.com/Cosmoslucy13/status/2037912095325646998,HTTP Error 404: Not Found,https://video.twimg.com/amplify_video/2037911791314026496/vid/avc1/1280x720/M7UqooPGCHPxYY1l.mp4?tag=21
2205,Photorealistic Cyberpunk Motorcycle-Robot Chase in Heavy Rain,https://x.com/Riya333S/status/2037722910702657973,HTTP Error 403: Forbidden,https://video.twimg.com/ext_tw_video/2037722831388397570/pu/vid/avc1/1280x720/g2oVuy6UbH__DG21.mp4?tag=19
2194,Desert Scavenger Watches Buried City Emerge,https://x.com/Riya333S/status/2037842898012529085,HTTP Error 403: Forbidden,https://video.twimg.com/ext_tw_video/2037842854668828672/pu/vid/avc1/1280x720/DGSN6dU8l6SU_QOg.mp4?tag=19
1811,"Wartime Disaster Movie Scene, One-Shot",https://x.com/kaan_alper/status/2035304828360884535,HTTP Error 403: Forbidden,https://video.twimg.com/amplify_video/2035304029668937728/vid/avc1/2560x1440/hzV1cf9o4p62hBpl.mp4?tag=21
1710,Cinematic Hyper-Realism: Silver BMW i8,https://x.com/jigschat/status/2034532826146644013,HTTP Error 404: Not Found,https://video.twimg.com/amplify_video/2034389940122050560/vid/avc1/958x720/c8lD96Za1sf9NY6i.mp4?tag=14
1636,Woman applying makeup invaded by mud-like liquid,https://x.com/Riya333S/status/2034405862236942528,HTTP Error 403: Forbidden,https://video.twimg.com/ext_tw_video/2034405596058030080/pu/vid/avc1/1280x720/weXff3QmzIeq-HqF.mp4?tag=19
1544,Saitama vs. Garou Battle Scene,https://x.com/Riya333S/status/2033891641245999492,HTTP Error 403: Forbidden,https://video.twimg.com/ext_tw_video/2033891593477099522/pu/vid/avc1/1280x720/AIJLL4r3OlzimRn0.mp4?tag=19
1468,Stop-Motion Clay Animation Story,https://x.com/Riya333S/status/2033529926092263917,HTTP Error 403: Forbidden,https://video.twimg.com/ext_tw_video/2033529905594634240/pu/vid/avc1/1280x720/yFA9VBy-_Rp55oUM.mp4?tag=19
1405,ultra-fast sakuga cuts with chibi style,https://x.com/nomastudioai/status/2033291090032234691,HTTP Error 403: Forbidden,https://video.twimg.com/ext_tw_video/2033291067886362626/pu/vid/avc1/1280x720/Xs-8JE_P_oW9a3s9.mp4?tag=12
1395,Goku vs. Naruto 2D Battle,https://x.com/Riya333S/status/2033320025172652218,HTTP Error 403: Forbidden,https://video.twimg.com/ext_tw_video/2033319963663175680/pu/vid/avc1/1280x720/TdwtKxgKA8UkE_t0.mp4?tag=19
1391,BMX Rider in a Favela,https://x.com/Riya333S/status/2033168318769582423,HTTP Error 403: Forbidden,https://video.twimg.com/ext_tw_video/2033168286826070016/pu/vid/avc1/1280x720/lDRj8oCLFusMe9fV.mp4?tag=19
1143,High-Speed Magical Forest Journey,https://x.com/Riya333S/status/2032442823853982060,HTTP Error 403: Forbidden,https://video.twimg.com/ext_tw_video/2032442714294489088/pu/vid/avc1/1280x720/kOUbNFpwO9_VPgQO.mp4?tag=19
1140,Cinematic O'Neill Space Colony Film Still,https://x.com/Riya333S/status/2032600577801334906,HTTP Error 403: Forbidden,https://video.twimg.com/ext_tw_video/2032600460746698753/pu/vid/avc1/1280x720/bwAlpVfP75wzqNM9.mp4?tag=19
633,Bruce Lee vs. Jackie Chan Looping Action,https://x.com/NEUR0N0/status/2026550169731579935,HTTP Error 403: Forbidden,https://video.twimg.com/ext_tw_video/2026550131471036420/pu/vid/avc1/1280x720/j89WBXyulajF3ENR.mp4?tag=12
584,Transformers/Mission Impossible Hybrid Jet Transformation,https://x.com/ChessQuantique/status/2025738652047872349,HTTP Error 403: Forbidden,https://video.twimg.com/ext_tw_video/2025738201852190720/pu/vid/avc1/1920x1080/83GsNH3zlBWlkjvN.mp4?tag=19
575,Earth's Eye Cinematic,https://x.com/liyue_ai/status/2025458606863474698,HTTP Error 404: Not Found,https://video.twimg.com/amplify_video/2025458537779093504/vid/avc1/720x1280/CBkWoPZb1JKfv-2j.mp4?tag=21
569,UGC video of a girl demonstrating stockings in a dressing room,https://x.com/underwoodxie96/status/2025364146334957724,HTTP Error 404: Not Found,https://video.twimg.com/ext_tw_video/2025363630422970368/pu/vid/avc1/720x1280/J-aF2a-5B3tDC0kt.mp4?tag=19
546,Girl's Transformation into Hanfu with Silver-Blue Theme,https://x.com/underwoodxie96/status/2025085690154000794,HTTP Error 404: Not Found,https://video.twimg.com/ext_tw_video/2025085648022200320/pu/vid/avc1/720x960/rtSpVwleBpEr8PtM.mp4?tag=19
532,Sports Car Transformer Sequence,https://x.com/underwoodxie96/status/2024882892414104024,HTTP Error 404: Not Found,https://video.twimg.com/ext_tw_video/2024882856544337921/pu/vid/avc1/1280x720/hX2lyBakA8ZmZyJ7.mp4?tag=19
511,Killer Robot Driving Instructor Scene,https://x.com/SyntheticBeef/status/2024311425645318454,HTTP Error 404: Not Found,https://video.twimg.com/amplify_video/2024311240127029248/vid/avc1/1924x1076/RlH1_ktOqWgascap.mp4?tag=21
476,Trump vs Kim Jong Un Boxing Match,https://x.com/Taaruk_/status/2023960431417868631,HTTP Error 404: Not Found,https://video.twimg.com/ext_tw_video/2023960379915980800/pu/vid/avc1/1238x720/5Sm8BMajt3Us9oDG.mp4?tag=19
445,Multi-Shot Emotional Sequence,https://x.com/ChillaiKalan__/status/2023595570649330041,HTTP Error 404: Not Found,https://video.twimg.com/ext_tw_video/2023595534033055744/pu/vid/avc1/1280x548/COw-mRSndMpFCw4f.mp4?tag=19
378,Epic Moments of the Best Football Player,https://x.com/arielipillo/status/2022490891131539764,HTTP Error 403: Forbidden,https://video.twimg.com/amplify_video/2022490831605698560/vid/avc1/576x490/Y3hveS1lg4kc2X35.mp4?tag=21
377,Spider-Man Pregnancy in MCU,https://x.com/PeptoState/status/2022788625704820876,HTTP Error 404: Not Found,https://video.twimg.com/amplify_video/2022788493492310016/vid/avc1/1280x720/o1EpITuIU7jSs0WJ.mp4?tag=14
309,Doraemon and Spiderman Fighting,https://x.com/otung_emmanuel/status/2021724349619700055,HTTP Error 404: Not Found,https://video.twimg.com/amplify_video/2021724278916624385/vid/avc1/1280x720/1vgO6RKSrkI_OzMj.mp4?tag=21
199,One Piece Inspired Video Prompt: Loki Saves Hostages,https://x.com/cheryblackcloud/status/2021632514427859109,HTTP Error 404: Not Found,https://video.twimg.com/amplify_video/2021631662975856642/vid/avc1/1470x630/VlDmWsLuRbXQtK2j.mp4?tag=21
141,Classic Animation Adventure Scene,https://x.com/FragZero/status/2021568010452869227,HTTP Error 404: Not Found,https://video.twimg.com/amplify_video/2021567837353992192/vid/avc1/1280x720/47UNhbiEdLqOnkCn.mp4?tag=14
134,Cyberpunk Tokyo Kung Fu Chase,https://x.com/cheryblackcloud/status/2021458861908164800,HTTP Error 404: Not Found,https://video.twimg.com/amplify_video/2021457104389963776/vid/avc1/720x1280/IEX_vUJeWMRehtyu.mp4?tag=21
90,Godzilla Attacking Jakarta,https://x.com/neveryourbaee/status/2021561566559420478,HTTP Error 403: Forbidden,https://video.twimg.com/amplify_video/2021560796581601280/vid/avc1/1280x720/oExmZrAOFb9zcTJb.mp4?tag=21
